{
  "calibration": {
    "dim": [2048, 1536],
    "k": [[1739.0072076512008, 0.0, 1094.1547861092195], [0.0, 1715.3793484933933, 714.8431601041761], [0.0, 0.0, 1.0]],
    "d": [[0.10101718971446061], [-1.1768049120332442], [2.3397431068756416], [-1.877526489124148]]
  }
}
