{"camera_matrix": [[1775.0939171432212, 0.0, 987.8087761609046], [0.0, 1775.0939171432212, 923.564287225228], [0.0, 0.0, 1.0]], "distortion_coefficients": [[-23.808891957320146], [147.62221611394597], [0.01672595141527254], [-0.017671999328716523], [60.98280186793752], [-23.978515915342058], [151.823807203053], [32.63318386823822], [0.0], [0.0], [0.0], [0.0], [0.0], [0.0]], "board_type": 10, "board_width": 5, "board_height": 7, "cell_size": 7.4, "marker_size": 5.7}